{
  "graphs": 9693,
  "nodes": {
    "min": 1.0,
    "max": 1619.0,
    "mean": 12.865469926751263
  },
  "edges": {
    "min": 0.0,
    "max": 4839.0,
    "mean": 35.809862787578666
  },
  "area": {
    "min": 3.952681552771865e-05,
    "max": 14.82399940423993,
    "mean": 1.2577676749583375
  },
  "by_zone": {
    "residential": {
      "graphs": 5261,
      "nodes": {
        "min": 1.0,
        "max": 1619.0,
        "mean": 17.39745295571184
      },
      "edges": {
        "min": 0.0,
        "max": 4839.0,
        "mean": 49.680098840524614
      },
      "area": {
        "min": 9.595194112097506e-05,
        "max": 14.365698571865385,
        "mean": 1.277979458372399
      }
    },
    "industrial": {
      "graphs": 1488,
      "nodes": {
        "min": 1.0,
        "max": 374.0,
        "mean": 14.030913978494624
      },
      "edges": {
        "min": 0.0,
        "max": 1112.0,
        "mean": 39.755376344086024
      },
      "area": {
        "min": 0.006683109007040978,
        "max": 9.11169416568383,
        "mean": 1.1973466510783508
      }
    },
    "business": {
      "graphs": 1299,
      "nodes": {
        "min": 1.0,
        "max": 85.0,
        "mean": 3.846805234795997
      },
      "edges": {
        "min": 0.0,
        "max": 246.0,
        "mean": 7.950731331793688
      },
      "area": {
        "min": 0.0013881119774224427,
        "max": 11.834048226881466,
        "mean": 2.082829815930046
      }
    },
    "special": {
      "graphs": 481,
      "nodes": {
        "min": 1.0,
        "max": 227.0,
        "mean": 7.054054054054054
      },
      "edges": {
        "min": 0.0,
        "max": 713.0,
        "mean": 18.11018711018711
      },
      "area": {
        "min": 0.0006533204771031455,
        "max": 14.82399940423993,
        "mean": 1.3492878426145647
      }
    },
    "recreation": {
      "graphs": 1083,
      "nodes": {
        "min": 1.0,
        "max": 223.0,
        "mean": 2.804247460757156
      },
      "edges": {
        "min": 0.0,
        "max": 663.0,
        "mean": 4.773776546629732
      },
      "area": {
        "min": 3.952681552771865e-05,
        "max": 8.48368973723463,
        "mean": 0.28100986146413115
      }
    },
    "agriculture": {
      "graphs": 46,
      "nodes": {
        "min": 1.0,
        "max": 53.0,
        "mean": 6.630434782608695
      },
      "edges": {
        "min": 0.0,
        "max": 167.0,
        "mean": 16.608695652173914
      },
      "area": {
        "min": 0.00019620668116955114,
        "max": 3.671320486196233,
        "mean": 0.3912720423527103
      }
    },
    "transport": {
      "graphs": 35,
      "nodes": {
        "min": 1.0,
        "max": 244.0,
        "mean": 16.2
      },
      "edges": {
        "min": 0.0,
        "max": 730.0,
        "mean": 45.97142857142857
      },
      "area": {
        "min": 0.0021992209235432896,
        "max": 3.413300566073572,
        "mean": 0.2715642561364486
      }
    }
  }
}